Rivkah,Figurski,rfigurski0@desdev.cn,pX1VnZfw,17814871,Administrador
Dionis,Barnes,dbarnes1@samsung.com,EpNxELg2lJWd,85813924,Administrador
Lindsay,Shallow,lshallow2@elpais.com,tQGIwUu7,18448100,Administrador
Lucio,Lempke,llempke3@indiatimes.com,FVG0rz6IvQqF,93226012,Administrador
Howie,Oade,hoade4@edublogs.org,u21A5pDv4,71400515,Administrador
Devina,Dyton,ddyton5@opensource.org,G53TFB75C,46110056,Administrador
Kimball,Keyhoe,kkeyhoe6@rambler.ru,yJntFPVdH,16495433,Administrador
Zorina,Biskupiak,zbiskupiak7@china.com.cn,zgvxHTMQLyTu,49769953,Administrador
Deane,Scartifield,dscartifield8@naver.com,WLdqW4O,19848270,Administrador
Henryetta,McIlvoray,hmcilvoray9@jimdo.com,enlT2D,25792545,Administrador
Brenna,Bilfoot,bbilfoot0@studiopress.com,kyZA1L,Usuario
Rosabella,Antunes,rantunes1@qq.com,qDknhLko,Usuario
Melessa,Agron,magron2@census.gov,lagYlWMxki5,Usuario
Meg,Jellico,mjellico3@youtube.com,MdB1vdZesi5K,Usuario
Richmond,McElhargy,rmcelhargy4@techcrunch.com,Wcbn0NWFcl69,Usuario
Catlin,McCarrick,cmccarrick5@vimeo.com,oXzXtSP3YNoh,Usuario
Sarena,Cissell,scissell6@discovery.com,ZhKtJNa,Usuario
Lemmie,Sleith,lsleith7@skype.com,hSCqcKLHQ,Usuario
Lewie,Jochanany,ljochanany8@shinystat.com,XbPCwr,Usuario
Martelle,Bain,mbain9@go.com,DEJpaYy3xgW,Usuario
Agosto,Vittle,avittlea@hp.com,ydbg7GxAH,Usuario
Mame,Salters,msaltersb@jimdo.com,mwkNb3DpSA,Usuario
Ebony,Beadman,ebeadmanc@boston.com,OdzAmkj9,Usuario
Ana,Barstow,abarstowd@apache.org,zcpmqwMhU,Usuario
Elwyn,Dunphy,edunphye@friendfeed.com,fmiPVtSkfXRR,Usuario
Stearne,Dulton,sdultonf@yellowbook.com,ubxoDiOW,Usuario
Albert,Fishlock,afishlockg@prlog.org,lFzQEOL,Usuario
Kermit,Dimmick,kdimmickh@ihg.com,kPfQ2O,Usuario
Edythe,Skitch,eskitchi@intel.com,dbdgIHA,Usuario
Lamond,Fattori,lfattorij@scribd.com,xiJ6E7Yz1dbu,Usuario
Orelia,Netti,onettik@1688.com,PnjRgf2V69,Usuario
Roddy,Baines,rbainesl@ed.gov,J47uOQ,Usuario
Orella,Joret,ojoretm@nih.gov,9C9d451,Usuario
Alexandra,Humerstone,ahumerstonen@histats.com,jaVpeyx,Usuario
Margot,Kilcoyne,mkilcoyneo@edublogs.org,w26qsYrOBu,Usuario
Dalston,Canto,dcantop@altervista.org,wGboMrOgXv8,Usuario
Elfrieda,Kail,ekailq@cnn.com,PwdB43tQ4q,Usuario
Dagmar,Cowely,dcowelyr@illinois.edu,GWQoay,Usuario
Arlina,Jennison,ajennisons@bbc.co.uk,aO1ccwS,Usuario
Bradney,Scruby,bscrubyt@bloglovin.com,92DDteHFx,Usuario
Paola,Brade,pbradeu@vk.com,wJD1IKw0H54,Usuario
Glenden,Youtead,gyouteadv@umich.edu,xWPXO3Gx0J,Usuario
Siegfried,Acton,sactonw@house.gov,qjS3dmw,Usuario
Florrie,McMonnies,fmcmonniesx@g.co,vp3mromxT4BF,Usuario
Cristine,Strood,cstroody@people.com.cn,vRP1exZa3,Usuario
Mechelle,Readshall,mreadshallz@diigo.com,2rOQXV,Usuario
Alvira,McGarahan,amcgarahan10@thetimes.co.uk,j1GHUZbICurv,Usuario
Margarette,Wheatland,mwheatland11@usgs.gov,LA122Svum8cE,Usuario
Wynn,Feavyour,wfeavyour12@w3.org,0WmRNPe,Usuario
Queenie,Petrosian,qpetrosian13@4shared.com,BfyUxeS0f,Usuario
Ewan,Barmby,ebarmby14@360.cn,2g8utSm0s2e,Usuario
Herc,Beards,hbeards15@kickstarter.com,zgvfvZ,Usuario
Elianora,Choppin,echoppin16@flavors.me,y7wagNW,Usuario
Trudi,Castrillo,tcastrillo17@samsung.com,m55p2jdWFa3E,Usuario
Dru,Bleazard,dbleazard18@creativecommons.org,wvZLSwWv7K,Usuario
Wynn,Driffe,wdriffe19@livejournal.com,9UlNIi,Usuario
Wilmette,Buye,wbuye1a@washingtonpost.com,pomCHUBRLq,Usuario
Chrissy,Mangon,cmangon1b@weather.com,ucENPJPkqA,Usuario
Genny,Fosken,gfosken1c@guardian.co.uk,CKNd6zc,Usuario
Jade,Nyland,jnyland1d@odnoklassniki.ru,FPZEEv,Usuario
Farley,Lemon,flemon1e@unc.edu,QrdFnV6dXgyg,Usuario
Talbot,Blackburne,tblackburne1f@craigslist.org,xTwRiQgSZpY,Usuario
Mathias,Purviss,mpurviss1g@sun.com,C9wfMk9NO,Usuario
Jodi,Hazley,jhazley1h@telegraph.co.uk,ckdnhCn,Usuario
Demetra,Stollery,dstollery1i@blogspot.com,WruyLkKm,Usuario
Stepha,Rexworthy,srexworthy1j@berkeley.edu,TnKoOMp,Usuario
Yanaton,Hughesdon,yhughesdon1k@prlog.org,sYQSp9Qnve02,Usuario
Annora,Wilfling,awilfling1l@google.com.br,oczgGa19xSB,Usuario
Dora,Dorsett,ddorsett1m@mac.com,ZJ7gJb,Usuario
Mattheus,McNalley,mmcnalley1n@craigslist.org,PRAnisR0DkwK,Usuario
Herschel,Ivasechko,hivasechko1o@yellowbook.com,zeNxo3hji,Usuario
Hamel,Cisson,hcisson1p@multiply.com,USexay8,Usuario
Eudora,Thomassin,ethomassin1q@devhub.com,JPLrjTxFM,Usuario
Kerry,Insall,kinsall1r@ebay.co.uk,gNSzUWc6,Usuario
Denna,Branchett,dbranchett1s@github.com,1IvdVqrF9F1,Usuario
Lyon,Alven,lalven1t@reference.com,RP8UbX,Usuario
Shadow,Phipson,sphipson1u@ifeng.com,OzIww0MFm8HQ,Usuario
Janot,Fearnill,jfearnill1v@discuz.net,zq3VvuAS5Yf,Usuario
Jesse,Till,jtill1w@surveymonkey.com,uPXaja7,Usuario
Felix,Armatage,farmatage1x@stanford.edu,WGWIKN,Usuario
Emeline,Dunderdale,edunderdale1y@seesaa.net,HESYLaF,Usuario
Mufinella,Cammis,mcammis1z@hubpages.com,s0MHu1,Usuario
Marilyn,Goom,mgoom20@facebook.com,OdPvHvyoV,Usuario
Winifred,Hanby,whanby21@alibaba.com,MF51Xj76Y,Usuario
Rickie,Cuthbertson,rcuthbertson22@tamu.edu,QbaK0iMKRBM,Usuario
Raine,Slee,rslee23@pen.io,EkGsmU0KTv,Usuario
Daveen,Myles,dmyles24@gravatar.com,MS0RJM,Usuario
Alleyn,Matches,amatches25@wisc.edu,ohnNTWKAPf,Usuario
Gris,Sandiland,gsandiland26@ihg.com,2RygBI,Usuario
Urbain,Pinnion,upinnion27@upenn.edu,yaTcmcf97pc,Usuario
Suzie,Clemenson,sclemenson28@weebly.com,r9TF18MInO,Usuario
Nicky,Ineson,nineson29@java.com,vFUXmxde,Usuario
Cassey,Gavini,cgavini2a@wunderground.com,3TO6eX0c6Yb,Usuario
Emilee,Jobbins,ejobbins2b@sohu.com,Ugmxu4O6w,Usuario
Kessia,Ucchino,kucchino2c@independent.co.uk,3hlVqrMM8wx,Usuario
Royall,Robker,rrobker2d@paginegialle.it,KI2EDGFkf5e,Usuario
Daniela,Pitt,dpitt2e@latimes.com,NSZvhp,Usuario
Dalston,Corn,dcorn2f@harvard.edu,LePs5fQ,Usuario
Walsh,Skipsea,wskipsea2g@360.cn,oOJASSZwTG,Usuario
Lindy,Finci,lfinci2h@google.ca,myeSNXCv,Usuario
Valentin,Neames,vneames2i@networksolutions.com,nLIqSdZS,Usuario
Dunc,Cristobal,dcristobal2j@cbsnews.com,dQpNOxr5,Usuario
Polly,Spellicy,pspellicy2k@twitter.com,5ky4qQ8diV,Usuario
Arlette,Worner,aworner2l@goo.gl,wdQlciXyZYZ,Usuario
Daven,Gaukrodge,dgaukrodge2m@chron.com,KsYwEt1e9,Usuario
Pierce,Ranald,pranald2n@surveymonkey.com,mHZCEWQe74tc,Usuario
Annmarie,Earey,aearey2o@dell.com,7pdhx2Fr,Usuario
Krista,Pitrelli,kpitrelli2p@amazonaws.com,T472MJbb8,Usuario
Urson,Crosbie,ucrosbie2q@com.com,0U2tlVqKU,Usuario
Ashien,Khadir,akhadir2r@nymag.com,PBnBx4jUWR,Usuario